TEAM_NAME,TEAM_ABBREVIATION,TEAM_ID
Atlanta Hawks,ATL,1610612737
Boston Celtics,BOS,1610612738
Cleveland Cavaliers,CLE,1610612739
New Orleans Pelicans,NOP,1610612740
Chicago Bulls,CHI,1610612741
Dallas Mavericks,DAL,1610612742
Denver Nuggets,DEN,1610612743
Golden State Warriors,GSW,1610612744
Houston Rockets,HOU,1610612745
Los Angeles Clippers,LAC,1610612746
Los Angeles Lakers,LAL,1610612747
Miami Heat,MIA,1610612748
Milwaukee Bucks,MIL,1610612749
Minnesota Timberwolves,MIN,1610612750
Brooklyn Nets,BKN,1610612751
New York Knicks,NYK,1610612752
Orlando Magic,ORL,1610612753
Indiana Pacers,IND,1610612754
Philadelphia 76ers,PHI,1610612755
Phoenix Suns,PHX,1610612756
Portland Trail Blazers,POR,1610612757
Sacramento Kings,SAC,1610612758
San Antonio Spurs,SAS,1610612759
Oklahoma City Thunder,OKC,1610612760
Toronto Raptors,TOR,1610612761
Utah Jazz,UTA,1610612762
Memphis Grizzlies,MEM,1610612763
Washington Wizards,WAS,1610612764
Detroit Pistons,DET,1610612765
Charlotte Hornets,CHA,1610612766
