TEAM_ID,TEAM_NAME,GP,W,L,W_PCT,MIN,E_OFF_RATING,OFF_RATING,E_DEF_RATING,DEF_RATING,E_NET_RATING,NET_RATING,AST_PCT,AST_TO,AST_RATIO,OREB_PCT,DREB_PCT,REB_PCT,TM_TOV_PCT,EFG_PCT,TS_PCT,E_PACE,PACE,PACE_PER40,POSS,PIE,GP_RANK,W_RANK,L_RANK,W_PCT_RANK,MIN_RANK,OFF_RATING_RANK,DEF_RATING_RANK,NET_RATING_RANK,AST_PCT_RANK,AST_TO_RANK,AST_RATIO_RANK,OREB_PCT_RANK,DREB_PCT_RANK,REB_PCT_RANK,TM_TOV_PCT_RANK,EFG_PCT_RANK,TS_PCT_RANK,PACE_RANK,PIE_RANK
1610612737,Atlanta Hawks,82,40,42,0.488,3956.0,111.9,113.7,112.6,114.8,-0.8,-1.1,0.682,1.91,19.9,0.3,0.715,0.503,0.149,0.546,0.579,105.2,103.41,86.17,8521,0.498,1,16,16,16,14,17,18,18,5,13,7,13,10,13,22,17,17,3,17
1610612738,Boston Celtics,82,61,21,0.744,3966.0,117.5,119.5,108.0,110.1,9.6,9.4,0.628,2.2,19.0,0.291,0.717,0.506,0.122,0.561,0.591,98.3,96.59,80.49,7979,0.542,1,3,3,3,6,2,4,2,20,3,13,18,7,11,2,5,8,29,3
1610612751,Brooklyn Nets,82,26,56,0.317,3956.0,105.7,108.1,112.8,115.4,-7.1,-7.3,0.669,1.66,18.4,0.294,0.699,0.487,0.156,0.516,0.552,99.0,96.73,80.61,7970,0.452,1,25,25,25,14,28,23,26,9,25,21,16,23,25,27,27,26,28,27
1610612766,Charlotte Hornets,82,19,63,0.232,3951.0,104.0,106.7,113.8,115.7,-9.9,-9.1,0.635,1.57,17.5,0.308,0.705,0.5,0.157,0.503,0.537,100.3,98.22,81.85,8079,0.45,1,28,28,28,18,29,24,27,16,28,26,8,17,16,28,30,30,23,29
1610612741,Chicago Bulls,82,39,43,0.476,3951.0,111.9,113.2,112.5,114.8,-0.6,-1.6,0.673,1.98,19.9,0.26,0.722,0.496,0.141,0.553,0.585,105.3,103.61,86.34,8532,0.495,1,18,18,18,18,20,19,20,7,10,6,28,5,18,15,13,13,2,20
1610612739,Cleveland Cavaliers,82,64,18,0.78,3951.0,119.1,121.0,109.0,111.8,10.1,9.2,0.631,2.13,19.6,0.296,0.7,0.505,0.131,0.578,0.607,102.4,100.31,83.59,8267,0.546,1,2,2,2,18,1,8,3,19,5,8,15,22,12,4,1,1,10,2
1610612742,Dallas Mavericks,82,39,43,0.476,3946.0,112.1,113.7,113.0,115.0,-0.9,-1.3,0.601,1.8,18.2,0.271,0.694,0.488,0.14,0.549,0.583,101.7,100.15,83.46,8238,0.496,1,18,18,18,23,18,20,19,27,19,23,25,25,24,12,14,14,12,19
1610612743,Denver Nuggets,82,50,32,0.61,3971.0,117.2,118.9,113.1,115.1,4.1,3.8,0.683,2.17,21.1,0.311,0.709,0.52,0.14,0.573,0.604,102.3,100.67,83.89,8328,0.529,1,6,6,6,4,4,21,9,4,4,1,5,14,2,13,2,2,8,4
1610612765,Detroit Pistons,82,44,38,0.537,3961.0,112.0,114.6,110.1,112.5,1.9,2.1,0.618,1.78,18.6,0.305,0.714,0.511,0.147,0.547,0.58,102.5,100.27,83.56,8268,0.509,1,14,14,14,9,14,10,12,21,20,19,10,11,5,21,16,16,11,14
1610612744,Golden State Warriors,82,48,34,0.585,3946.0,112.0,114.2,108.9,111.0,3.1,3.2,0.714,2.07,20.1,0.314,0.716,0.509,0.141,0.536,0.568,101.3,99.37,82.81,8173,0.515,1,11,11,11,23,16,7,10,1,7,4,4,8,7,14,20,20,17,10
1610612745,Houston Rockets,82,52,30,0.634,3956.0,111.4,114.9,108.0,110.3,3.4,4.6,0.549,1.68,16.4,0.363,0.715,0.533,0.14,0.523,0.553,101.6,99.03,82.53,8159,0.515,1,4,4,4,14,12,5,7,30,24,30,1,9,1,11,23,24,18,11
1610612754,Indiana Pacers,82,50,32,0.61,3971.0,114.1,115.4,111.3,113.3,2.8,2.1,0.671,2.22,20.5,0.254,0.705,0.483,0.13,0.562,0.594,102.2,100.76,83.97,8341,0.521,1,6,6,6,4,9,14,13,8,2,2,29,18,28,3,4,5,7,9
1610612746,LA Clippers,82,50,32,0.61,3961.0,112.4,114.3,107.9,109.4,4.5,4.9,0.605,1.69,18.4,0.282,0.734,0.512,0.151,0.554,0.589,99.7,98.24,81.87,8099,0.521,1,6,6,6,9,15,3,5,24,23,20,19,1,4,23,11,9,22,8
1610612747,Los Angeles Lakers,82,50,32,0.61,3946.0,113.4,115.0,111.4,113.8,2.1,1.2,0.635,1.86,18.9,0.273,0.702,0.495,0.142,0.557,0.593,100.1,98.34,81.95,8084,0.511,1,6,6,6,23,11,17,14,14,16,14,23,21,21,16,8,7,20,13
1610612763,Memphis Grizzlies,82,48,34,0.585,3941.0,114.4,117.2,110.0,112.6,4.4,4.7,0.635,1.81,19.1,0.33,0.702,0.518,0.151,0.554,0.588,106.2,103.69,86.4,8513,0.524,1,11,11,11,29,6,11,6,15,17,12,3,20,3,24,12,12,1,7
1610612748,Miami Heat,82,37,45,0.451,3986.0,110.8,112.4,110.6,112.0,0.3,0.4,0.653,1.94,19.2,0.263,0.724,0.496,0.138,0.544,0.576,98.4,97.08,80.9,8066,0.505,1,20,20,20,1,21,9,16,10,12,11,27,4,20,9,19,18,27,15
1610612749,Milwaukee Bucks,82,48,34,0.585,3951.0,113.6,115.1,110.9,112.7,2.7,2.4,0.607,1.91,18.7,0.235,0.725,0.491,0.133,0.568,0.598,101.4,99.92,83.26,8228,0.513,1,11,11,11,18,10,12,11,23,14,18,30,3,23,5,3,3,14,12
1610612750,Minnesota Timberwolves,82,49,33,0.598,3966.0,113.6,115.7,108.6,110.8,5.0,5.0,0.637,1.81,18.7,0.3,0.709,0.507,0.146,0.554,0.588,99.8,97.95,81.62,8097,0.524,1,10,10,10,6,8,6,4,11,18,17,14,13,10,19,10,11,25,6
1610612740,New Orleans Pelicans,82,21,61,0.256,3951.0,107.6,109.7,116.6,119.1,-9.0,-9.4,0.636,1.76,18.3,0.303,0.682,0.487,0.146,0.519,0.552,101.8,99.77,83.14,8212,0.455,1,27,27,27,18,25,29,29,13,21,22,11,29,26,18,26,27,15,26
1610612752,New York Knicks,82,51,31,0.622,3976.0,115.0,117.3,111.8,113.3,3.2,4.0,0.634,2.07,19.6,0.305,0.71,0.508,0.134,0.556,0.589,99.3,97.64,81.37,8093,0.527,1,5,5,5,2,5,13,8,17,6,10,9,12,9,7,9,10,26,5
1610612760,Oklahoma City Thunder,82,68,14,0.829,3941.0,117.3,119.2,104.7,106.6,12.6,12.7,0.602,2.29,18.9,0.281,0.704,0.496,0.116,0.56,0.593,102.6,100.9,84.09,8286,0.562,1,1,1,1,29,3,1,1,26,1,15,20,19,19,1,7,6,5,1
1610612753,Orlando Magic,82,41,41,0.5,3946.0,106.5,108.9,106.8,109.1,-0.3,-0.2,0.603,1.62,17.1,0.302,0.72,0.501,0.147,0.51,0.55,98.6,96.51,80.43,7935,0.497,1,15,15,15,23,27,2,17,25,26,27,12,6,15,20,29,28,30,18
1610612755,Philadelphia 76ers,82,24,58,0.293,3961.0,109.0,111.0,115.2,117.3,-6.1,-6.3,0.584,1.7,17.1,0.279,0.678,0.471,0.138,0.527,0.563,99.9,98.13,81.77,8098,0.459,1,26,26,26,9,23,26,25,29,22,28,21,30,30,8,22,22,24,25
1610612756,Phoenix Suns,82,36,46,0.439,3966.0,113.7,114.7,116.2,117.7,-2.5,-3.0,0.673,1.97,20.0,0.264,0.709,0.493,0.142,0.561,0.595,99.4,98.31,81.93,8121,0.495,1,21,21,21,6,13,27,23,6,11,5,26,15,22,17,6,4,21,21
1610612757,Portland Trail Blazers,82,36,46,0.439,3956.0,108.1,111.0,111.9,113.7,-3.8,-2.7,0.587,1.49,16.9,0.332,0.682,0.501,0.16,0.521,0.555,101.6,99.51,82.92,8192,0.473,1,21,21,21,14,22,16,21,28,29,29,2,28,14,29,25,23,16,24
1610612758,Sacramento Kings,82,40,42,0.488,3976.0,113.8,115.9,113.5,115.3,0.3,0.6,0.615,1.99,18.8,0.294,0.728,0.51,0.133,0.548,0.582,100.6,98.91,82.42,8189,0.502,1,16,16,16,2,7,22,15,22,9,16,17,2,6,6,15,15,19,16
1610612759,San Antonio Spurs,82,34,48,0.415,3946.0,111.7,113.5,114.1,116.3,-2.4,-2.8,0.685,2.06,20.1,0.278,0.69,0.485,0.138,0.544,0.575,101.8,100.08,83.4,8231,0.493,1,23,23,23,23,19,25,22,3,8,3,22,26,27,10,18,19,13,22
1610612761,Toronto Raptors,82,30,52,0.366,3961.0,107.6,109.6,111.7,113.6,-4.1,-4.1,0.685,1.86,19.6,0.311,0.696,0.5,0.152,0.522,0.553,102.4,100.62,83.85,8297,0.477,1,24,24,24,9,26,15,24,2,15,9,6,24,17,25,24,25,9,23
1610612762,Utah Jazz,82,17,65,0.207,3961.0,107.8,110.2,117.7,119.4,-9.9,-9.2,0.633,1.48,17.9,0.311,0.705,0.508,0.17,0.533,0.568,102.7,100.85,84.04,8322,0.45,1,30,30,30,9,24,30,28,18,30,24,7,16,8,30,21,21,6,28
1610612764,Washington Wizards,82,18,64,0.22,3946.0,103.9,105.8,116.2,118.0,-12.3,-12.2,0.637,1.61,17.8,0.272,0.685,0.476,0.152,0.512,0.546,103.5,101.82,84.85,8371,0.437,1,29,29,29,23,30,28,30,12,27,25,24,27,29,26,28,29,4,30
